0,Harry Potter and the Half-Blood Prince (Harry Potter  #6),J.K. Rowling/Mary GrandPré
1,Harry Potter and the Order of the Phoenix (Harry Potter  #5),J.K. Rowling/Mary GrandPré
2,Harry Potter and the Chamber of Secrets (Harry Potter  #2),J.K. Rowling
3,Harry Potter and the Prisoner of Azkaban (Harry Potter  #3),J.K. Rowling/Mary GrandPré
4,Harry Potter Boxed Set  Books 1-5 (Harry Potter  #1-5),J.K. Rowling/Mary GrandPré
5,Unauthorized Harry Potter Book Seven News: ""Half-Blood Prince"" Analysis and Speculation,W. Frederick Zimmerman
6,Harry Potter Collection (Harry Potter  #1-6),J.K. Rowling
7,The Ultimate Hitchhiker's Guide: Five Complete Novels and One Story (Hitchhiker's Guide to the Galaxy  #1-5),Douglas Adams
8,The Ultimate Hitchhiker's Guide to the Galaxy (Hitchhiker's Guide to the Galaxy  #1-5),Douglas Adams
9,The Hitchhiker's Guide to the Galaxy (Hitchhiker's Guide to the Galaxy  #1),Douglas Adams
10,The Ultimate Hitchhiker's Guide (Hitchhiker's Guide to the Galaxy  #1-5),Douglas Adams
11,A Short History of Nearly Everything,Bill Bryson
12,Bill Bryson's African Diary,Bill Bryson
13,Bryson's Dictionary of Troublesome Words: A Writer's Guide to Getting It Right,Bill Bryson
14,In a Sunburned Country,Bill Bryson
15,I'm a Stranger Here Myself: Notes on Returning to America After Twenty Years Away,Bill Bryson
16,The Lost Continent: Travels in Small Town America,Bill Bryson
17,Neither Here nor There: Travels in Europe,Bill Bryson
18,Notes from a Small Island,Bill Bryson
19,The Mother Tongue: English and How It Got That Way,Bill Bryson
20,J.R.R. Tolkien 4-Book Boxed Set: The Hobbit and The Lord of the Rings,J.R.R. Tolkien
21,The Lord of the Rings (The Lord of the Rings  #1-3),J.R.R. Tolkien
22,The Fellowship of the Ring (The Lord of the Rings  #1),J.R.R. Tolkien
23,The Lord of the Rings: Weapons and Warfare,Chris   Smith/Christopher  Lee/Richard Taylor
24,The Lord of the Rings: Complete Visual Companion,Jude Fisher
25,Agile Web Development with Rails: A Pragmatic Guide,Dave Thomas/David Heinemeier Hansson/Leon Breedt/Mike Clark/Thomas  Fuchs/Andreas  Schwarz
26,Hatchet (Brian's Saga  #1),Gary Paulsen
27,Hatchet: A Guide for Using ""Hatchet"" in the Classroom,Donna Ickes/Edward Sciranko/Keith Vasconcelles
28,Guts: The True Stories behind Hatchet and the Brian Books,Gary Paulsen
29,Molly Hatchet - 5 of the Best,Molly Hatchet
30,Hatchet Jobs: Writings on Contemporary Fiction,Dale Peck
31,A Changeling for All Seasons (Changeling Seasons #1),Angela Knight/Sahara Kelly/Judy Mays/Marteeka Karland/Kate Douglas/Shelby Morgen/Lacey Savage/Kate Hill/Willa Okati
32,Changeling (Changeling  #1),Delia Sherman
33,The Changeling Sea,Patricia A. McKillip
34,The Changeling,Zilpha Keatley Snyder
35,The Changeling (Daughters of England  #15),Philippa Carr
36,The Known World,Edward P. Jones
37,Traders  Guns & Money: Knowns and Unknowns in the Dazzling World of Derivatives,Satyajit Das
38,Artesia: Adventures in the Known World,Mark Smylie
39,The John McPhee Reader (John McPhee Reader  #1),John McPhee/William Howarth
40,Uncommon Carriers,John McPhee
41,Heirs of General Practice,John McPhee
42,The Control of Nature,John McPhee
43,Annals of the Former World,John McPhee
44,Coming Into the Country,John McPhee
45,La Place de la Concorde Suisse,John McPhee
46,Giving Good Weight,John McPhee
47,Rising from the Plains,John McPhee
48,The Heidi Chronicles,Wendy Wasserstein
49,The Heidi Chronicles: Uncommon Women and Others & Isn't It Romantic,Wendy Wasserstein
50,Active Literacy Across the Curriculum: Strategies for Reading  Writing  Speaking  and Listening,Heidi Hayes Jacobs
51,Simply Beautiful Beaded Jewelry,Heidi Boyd
52,Always Enough: God's Miraculous Provision Among the Poorest Children on Earth,Heidi Baker/Rolland Baker
53,Mapping the Big Picture: Integrating Curriculum & Assessment K-12,Heidi Hayes Jacobs
54,Heidi (Heidi  #1-2),Johanna Spyri/Beverly Cleary/Angelo  Rinaldi
55,Getting Results with Curriculum Mapping,Heidi Hayes Jacobs
56,There's Always Enough: The Miraculous Move of God in Mozambique,Rolland Baker/Heidi Baker
57,What to Expect the First Year (What to Expect),Heidi Murkoff/Sharon Mazel/Arlene Eisenberg/Sandee Hathaway/Mark D. Widome
58,The Player's Handbook: The Ultimate Guide on Dating and Relationships,Heidi Fleiss/Libby Keatinge
59,Simply Beautiful Beading: 53 Quick and Easy Projects,Heidi Boyd
60,God Emperor of Dune (Dune Chronicles  #4),Frank Herbert
61,Chapterhouse: Dune (Dune Chronicles #6),Frank Herbert
62,Dune Messiah (Dune Chronicles #2),Frank Herbert
63,Dreamer of Dune: The Biography of Frank Herbert,Brian Herbert
64,Heretics of Dune (Dune Chronicles  #5),Frank Herbert
65,The Road to Dune,Frank Herbert/Brian Herbert/Kevin J. Anderson
66,Heretics of Dune (Dune Chronicles #5),Frank Herbert
67,The Lord of the Rings: The Art of the Fellowship of the Ring,Gary Russell
68,The Power of One (The Power of One  #1),Bryce Courtenay
69,The Power of One: One Person  One Rule  One Month,John C. Maxwell/Stephen R. Graves/Thomas G. Addington
70,Power of an Hour: Business and Life Mastery in One Hour a Week,Dave Lakhani
