0,Tommy,Snyder,dsnyder66@umich.edu
1,Teresa,Ortiz,tortiz29@slashdot.org
2,Steve,Nelson,cnelson7u@umich.edu
3,Sandra,Webb,swebbb@yandex.ru
4,Sandra,Bowman,sbowman7@photobucket.com
5,Ruth,Thomas,rthomas4r@google.pl
6,Rusell,Allen,rallen1q@amazonaws.com
7,Rose,Collins,rcollins6d@twitpic.com
8,Ronald,Kim,rkim8l@nbcnews.com
9,Raymond,Morgan,rmorgan67@mysql.com
10,Ralph,Little,rlittle2u@si.edu
11,Patrick,Smith,psmith1k@senate.gov
12,Norma,Scott,nscott6l@tumblr.com
13,Nicholas,Cadge,mray3r@storify.com
14,Mildred,Ray,mray3r@storify.com
15,Melissa,Thomas,mthomas1j@ucoz.ru
16,Maria,Kelly,mkellyt@sphinn.com
17,Louis,Kennedy,lkennedy59@thetimes.co.uk
18,Lori,Bradley,lbradley4@time.com
19,Lillian,Hunter,lhunter2@dion.ne.jp
20,Larry,Moreno,lmoreno71@baidu.com
21,Kenneth,Lane,klanec@hatena.ne.jp
22,Kelly,Ellis,kellis22@ucsd.edu
23,Kelly,Knight,kknight68@kickstarter.com
24,Justin,Harper,jharperp@amazon.de
25,Julia,Freeman,jfreeman5z@xrea.com
26,Judith,Wilson,jwilson5s@cyberchimps.com
27,Joan,Reynolds,jreynolds16@imageshack.us
28,Jim,Morris,jreynolds16@imageshack.us
29,Jesse,Robertson,jrobertsonx@naver.com
30,Jerry,Castillo,jcastillo3m@state.gov
31,Jeremy,Jones,jjones1z@huffingtonpost.com
32,Jennifer,Watkins,jwatkins6@multiply.com
33,Jeffrey,Lopez,jwatkins6@multiply.com
34,Jackie,Cunningham,jcunningham2f@msu.edu
35,Gerald,Ruiz,gruiz1f@uol.com.br
36,Gary,Robert,hrobertson5t@w3.org
37,Flash,Gordon,ngordon8p@facebook.com
38,Evelyn,Hudson,ehudsons@yellowbook.com
39,Eugene,Cooper,ecooper47@google.de
40,Eric,Greene,egreene3n@wix.com
41,Elizabeth,Miller,esmith20@wp.com
42,Donna,Edwards,dedwardsw@1688.com
43,Donald,Holmes,dholmes5u@spotify.com
44,Donald,Peterson,dpeterson33@joomla.org
45,Dianne,Gilbert,dgilbert44@cmu.edu
46,Daniel,Miller,dmillern@cbsnews.com
47,Clarence,Kennedy,clarencekennedy@irishtimes.ie
48,Cheryl,Bryant,cbryant8g@google.de
49,Antonio,Smith,asmith1y@symantec.com
